{ "height":18,
 "layers":[
        {
         "data":[17, 1, 1, 1, 1, 1, 1, 1, 1, 1, 1, 38, 38, 38, 38, 38, 38, 18, 7, 7, 7, 7, 7, 7, 7, 7, 17, 1, 1, 1, 1, 1, 1, 1, 1, 18, 7, 7, 7, 7, 7, 7, 7, 7, 7, 7, 7, 19, 7, 7, 7, 7, 17, 1, 1, 1, 1, 1, 1, 18, 7, 7, 7, 7, 7, 7, 19, 19, 7, 7, 7, 19, 19, 19, 7, 7, 7, 7, 17, 1, 1, 1, 1, 18, 7, 7, 7, 7, 7, 7, 19, 19, 19, 19, 19, 19, 19, 7, 19, 7, 7, 7, 7, 7, 17, 1, 1, 18, 7, 7, 7, 7, 7, 7, 7, 7, 7, 7, 19, 19, 7, 7, 7, 7, 7, 7, 7, 7, 7, 7, 17, 18, 7, 7, 7, 7, 7, 5, 25, 25, 26, 26, 26, 26, 26, 26, 26, 6, 7, 7, 7, 7, 7, 7, 7, 7, 7, 7, 7, 7, 7, 5, 1, 1, 1, 1, 1, 1, 1, 1, 1, 1, 28, 7, 7, 7, 7, 7, 7, 7, 7, 7, 7, 7, 7, 5, 1, 1, 1, 1, 1, 1, 1, 1, 1, 1, 1, 1, 6, 7, 7, 7, 7, 7, 7, 7, 7, 7, 7, 5, 1, 1, 1, 1, 1, 1, 1, 1, 1, 1, 1, 1, 1, 1, 25, 6, 7, 7, 7, 7, 7, 7, 7, 5, 1, 1, 1, 1, 1, 1, 1, 1, 1, 1, 1, 1, 1, 1, 1, 1, 1, 6, 7, 7, 7, 7, 7, 7, 39, 1, 1, 1, 1, 1, 1, 1, 1, 1, 1, 1, 1, 1, 1, 1, 1, 1, 1, 6, 7, 7, 7, 7, 7, 39, 1, 1, 1, 1, 1, 1, 1, 1, 1, 1, 1, 1, 1, 1, 1, 1, 1, 1, 1, 6, 7, 7, 7, 7, 39, 1, 1, 1, 1, 1, 1, 1, 1, 1, 1, 1, 1, 1, 1, 1, 1, 1, 1, 1, 1, 6, 7, 7, 7, 17, 37, 37, 42, 1, 1, 1, 1, 1, 1, 1, 1, 1, 1, 1, 1, 1, 1, 1, 1, 1, 1, 6, 7, 7, 7, 7, 7, 7, 31, 1, 1, 1, 1, 1, 1, 1, 1, 1, 1, 1, 1, 1, 1, 1, 1, 1, 1, 6, 7, 7, 7, 7, 7, 17, 37, 37, 37, 37, 37, 37, 37, 37, 37, 37, 37, 37, 1, 1, 1, 1, 1, 1, 1, 26, 6, 7, 7, 7, 7, 7, 7, 7, 7, 7, 7, 7, 7, 7, 7, 7, 7, 1, 1, 1, 1, 1, 1, 1, 1, 40, 7, 7, 7, 7, 7, 7, 7, 7, 7, 7, 7, 7, 7, 7, 7, 7],
         "height":18,
         "name":"Tile Layer 1",
         "opacity":1,
         "type":"tilelayer",
         "visible":true,
         "width":25,
         "x":0,
         "y":0
        }],
 "orientation":"orthogonal",
 "properties":
    {

    },
 "tileheight":32,
 "tilesets":[
        {
         "firstgid":1,
         "image":"Downloads\/tileset\/grass-tiles-2-small.png",
         "imageheight":192,
         "imagewidth":384,
         "margin":0,
         "name":"grass-tiles-2-small",
         "properties":
            {

            },
         "spacing":0,
         "tileheight":32,
         "tilewidth":32
        }],
 "tilewidth":32,
 "version":1,
 "width":25
}