{ "height":18,
 "layers":[
        {
         "data":[8, 9, 8, 9, 27, 2, 1, 11, 12, 2, 1, 2, 1, 2, 1, 2, 1, 2, 1, 2, 1, 2, 1, 2, 1, 20, 21, 20, 21, 8, 9, 27, 23, 24, 14, 13, 14, 11, 12, 13, 14, 13, 14, 11, 12, 13, 14, 13, 14, 13, 8, 9, 8, 9, 8, 9, 38, 38, 1, 2, 1, 2, 23, 24, 1, 2, 1, 2, 23, 24, 1, 1, 2, 23, 2, 20, 21, 20, 21, 20, 21, 8, 9, 27, 14, 13, 14, 13, 14, 13, 14, 13, 14, 13, 14, 13, 13, 14, 13, 14, 25, 25, 8, 9, 8, 9, 20, 21, 38, 38, 38, 38, 38, 38, 38, 38, 38, 38, 1, 2, 1, 2, 2, 1, 2, 13, 28, 20, 21, 20, 21, 7, 8, 9, 10, 7, 8, 9, 10, 7, 8, 9, 10, 39, 14, 13, 11, 12, 13, 14, 1, 2, 25, 25, 8, 9, 19, 20, 21, 22, 19, 20, 21, 22, 19, 20, 21, 22, 39, 2, 1, 23, 24, 1, 2, 13, 14, 13, 28, 20, 21, 7, 8, 9, 10, 7, 8, 8, 10, 7, 8, 9, 10, 39, 14, 13, 14, 14, 13, 14, 1, 2, 1, 2, 25, 28, 19, 20, 21, 22, 19, 8, 8, 22, 19, 20, 21, 22, 39, 2, 1, 2, 2, 1, 2, 13, 11, 12, 14, 13, 28, 7, 8, 9, 10, 7, 8, 9, 10, 7, 8, 9, 10, 39, 14, 13, 14, 14, 13, 14, 1, 23, 24, 2, 1, 28, 19, 20, 8, 9, 19, 20, 21, 22, 19, 20, 21, 22, 39, 2, 1, 11, 12, 1, 2, 13, 14, 13, 14, 13, 14, 26, 26, 20, 8, 9, 3, 26, 26, 26, 26, 26, 26, 13, 14, 13, 23, 24, 13, 14, 1, 2, 1, 2, 1, 2, 1, 28, 8, 20, 21, 27, 1, 2, 1, 2, 1, 2, 1, 2, 1, 2, 2, 1, 2, 13, 14, 13, 14, 13, 14, 11, 40, 20, 8, 9, 27, 13, 14, 13, 14, 13, 11, 12, 14, 13, 14, 14, 13, 14, 1, 2, 11, 12, 1, 2, 37, 37, 8, 20, 46, 27, 1, 2, 1, 2, 1, 23, 24, 1, 2, 1, 2, 1, 2, 37, 37, 37, 37, 37, 37, 33, 8, 8, 9, 27, 12, 13, 14, 13, 14, 13, 13, 14, 13, 14, 13, 14, 13, 14, 8, 9, 8, 9, 8, 9, 8, 20, 20, 46, 27, 24, 2, 2, 11, 12, 2, 2, 2, 2, 2, 2, 2, 1, 2, 20, 21, 20, 21, 20, 21, 20, 20, 21, 25, 14, 14, 14, 14, 23, 24, 14, 14, 14, 14, 14, 14, 14, 13, 14],
         "height":18,
         "name":"Tile Layer 1",
         "opacity":1,
         "type":"tilelayer",
         "visible":true,
         "width":25,
         "x":0,
         "y":0
        }],
 "orientation":"orthogonal",
 "properties":
    {

    },
 "tileheight":32,
 "tilesets":[
        {
         "firstgid":1,
         "image":"grass-tiles-2-small.png",
         "imageheight":192,
         "imagewidth":384,
         "margin":0,
         "name":"grass-tiles-2-small",
         "properties":
            {

            },
         "spacing":0,
         "tileheight":32,
         "tilewidth":32
        }],
 "tilewidth":32,
 "version":1,
 "width":25
}